time,Date,measurement,Hospitalizations
1,29/07/2021,24,100
2,30/07/2021,20,100
3,31/07/2021,9,100
4,01/08/2021,10,100
5,02/08/2021,12,100
6,03/08/2021,9,100
7,04/08/2021,14.28571429,100
8,05/08/2021,13.42857143,94
9,06/08/2021,13,91
10,07/08/2021,13.71428571,96
11,08/08/2021,14.71428571,103
12,09/08/2021,15.71428571,110
13,10/08/2021,17.14285714,120
14,11/08/2021,18,126
15,12/08/2021,19.28571429,135
16,13/08/2021,19.85714286,139
17,14/08/2021,21.42857143,150
18,15/08/2021,22.71428571,159
19,16/08/2021,23.14285714,162
20,17/08/2021,24.57142857,172
21,18/08/2021,26.14285714,183
22,19/08/2021,26.28571429,184
23,20/08/2021,27,189
24,21/08/2021,27.57142857,193
25,22/08/2021,28.57142857,200
26,23/08/2021,27.57142857,193
27,24/08/2021,27.28571429,191
28,25/08/2021,28.28571429,198
29,26/08/2021,30.42857143,213
30,27/08/2021,30.42857143,213
31,28/08/2021,31.28571429,219
32,29/08/2021,30.28571429,212
33,30/08/2021,32.28571429,226
34,31/08/2021,32,224
35,01/09/2021,31.42857143,220
36,02/09/2021,30.28571429,212
37,03/09/2021,31.42857143,220
38,04/09/2021,30.28571429,212
39,05/09/2021,29.57142857,207
40,06/09/2021,30,210
41,07/09/2021,30.85714286,216
42,08/09/2021,28.57142857,200
43,09/09/2021,28.85714286,202
44,10/09/2021,29.14285714,204
45,11/09/2021,28.85714286,202
46,12/09/2021,29.57142857,207
47,13/09/2021,27.71428571,194
48,14/09/2021,26.42857143,185
49,15/09/2021,26.85714286,188
50,16/09/2021,25.28571429,177
51,17/09/2021,24.28571429,170
52,18/09/2021,24.14285714,169
53,19/09/2021,23.85714286,167
54,20/09/2021,24,168
55,21/09/2021,24.14285714,169
56,22/09/2021,24.71428571,173
57,23/09/2021,26.28571429,184
58,24/09/2021,25.85714286,181
59,25/09/2021,26.28571429,184
60,26/09/2021,26,182
61,27/09/2021,25.42857143,178
62,28/09/2021,25.42857143,178
63,29/09/2021,25.57142857,179
64,30/09/2021,23.71428571,166
65,01/10/2021,24.28571429,170
66,02/10/2021,23.28571429,163
67,03/10/2021,23.71428571,166
68,04/10/2021,24.71428571,173
69,05/10/2021,25.14285714,176
70,06/10/2021,24.57142857,172
71,07/10/2021,24.14285714,169
72,08/10/2021,24.42857143,171
73,09/10/2021,26.28571429,184
74,10/10/2021,27.14285714,190
75,11/10/2021,26.14285714,183
76,12/10/2021,27.42857143,192
77,13/10/2021,28.14285714,197
78,14/10/2021,30.28571429,212
79,15/10/2021,30.28571429,212
80,16/10/2021,30.57142857,214
81,17/10/2021,31,217
82,18/10/2021,32.85714286,230
83,19/10/2021,33.57142857,235
84,20/10/2021,34.42857143,241
85,21/10/2021,33.57142857,235
86,22/10/2021,33.71428571,236
87,23/10/2021,34.14285714,239
88,24/10/2021,34.42857143,241
89,25/10/2021,35,245
90,26/10/2021,33.42857143,234
91,27/10/2021,32,224
92,28/10/2021,35,245
93,29/10/2021,35.85714286,251
94,30/10/2021,38.28571429,268
95,31/10/2021,39.42857143,276
96,01/11/2021,39.28571429,275
97,02/11/2021,41,287
98,03/11/2021,41.85714286,293
99,04/11/2021,39.71428571,278
100,05/11/2021,40.71428571,285
101,06/11/2021,37.28571429,261
102,07/11/2021,35.28571429,247
103,08/11/2021,36.28571429,254
104,09/11/2021,39,273
105,10/11/2021,40,280
106,11/11/2021,41,287
107,12/11/2021,39.57142857,277
108,13/11/2021,40.71428571,285
109,14/11/2021,42,294
110,15/11/2021,41.42857143,290
111,16/11/2021,40,280
112,17/11/2021,43.71428571,306
113,18/11/2021,45.57142857,319
114,19/11/2021,49.28571429,345
115,20/11/2021,55.28571429,387
116,21/11/2021,57.85714286,405
117,22/11/2021,60.28571429,422
118,23/11/2021,59.28571429,415
119,24/11/2021,57,399
120,25/11/2021,57.14285714,400
121,26/11/2021,55.42857143,388
122,27/11/2021,49.57142857,347
123,28/11/2021,48.14285714,337
124,29/11/2021,45.57142857,319
125,30/11/2021,47.14285714,330
126,01/12/2021,49.28571429,345
127,02/12/2021,47.42857143,332
128,03/12/2021,46.28571429,324
129,04/12/2021,47.42857143,332
130,05/12/2021,47.28571429,331
131,06/12/2021,47.42857143,332
132,07/12/2021,45.57142857,319
133,08/12/2021,45.14285714,316
134,09/12/2021,46.28571429,324
135,10/12/2021,47.28571429,331
136,11/12/2021,45.71428571,320
137,12/12/2021,44.71428571,313
138,13/12/2021,44,308
139,14/12/2021,43.14285714,302
140,15/12/2021,40.14285714,281
141,16/12/2021,38.42857143,269
142,17/12/2021,35.14285714,246
143,18/12/2021,34,238
144,19/12/2021,33.14285714,232
145,20/12/2021,34.42857143,241
146,21/12/2021,35,245
147,22/12/2021,35.28571429,247
148,23/12/2021,33.14285714,232
149,24/12/2021,35.42857143,248
150,25/12/2021,35.42857143,248
151,26/12/2021,35.85714286,251
152,27/12/2021,36.14285714,253
153,28/12/2021,37.71428571,264
154,29/12/2021,40.28571429,282
155,30/12/2021,47.71428571,334
156,31/12/2021,56.28571429,394
157,01/01/2022,59.71428571,418
158,02/01/2022,64.57142857,452
159,03/01/2022,69.71428571,488
160,04/01/2022,74.57142857,522
161,05/01/2022,76.71428571,537
162,06/01/2022,80,560
163,07/01/2022,78.28571429,548
164,08/01/2022,81.14285714,568
165,09/01/2022,81.42857143,570
166,10/01/2022,82.14285714,575
167,11/01/2022,80.71428571,565
168,12/01/2022,82.85714286,580
169,13/01/2022,79.71428571,558
170,14/01/2022,80.42857143,563
171,15/01/2022,80,560
172,16/01/2022,78.85714286,552
173,17/01/2022,76.28571429,534
174,18/01/2022,75.42857143,528
175,19/01/2022,72.85714286,510
176,20/01/2022,68.28571429,478
177,21/01/2022,63.85714286,447
178,22/01/2022,63.14285714,442
179,23/01/2022,61.85714286,433
180,24/01/2022,60.14285714,421
181,25/01/2022,58.71428571,411
182,26/01/2022,54.28571429,380
183,27/01/2022,56,392
184,28/01/2022,55.14285714,386
185,29/01/2022,55.42857143,388
186,30/01/2022,52.85714286,370
187,31/01/2022,54,378
188,01/02/2022,52.42857143,367
189,02/02/2022,53,371
190,03/02/2022,49.85714286,349
191,04/02/2022,47.28571429,331
192,05/02/2022,42.42857143,297
193,06/02/2022,43.85714286,307
194,07/02/2022,40.71428571,285
195,08/02/2022,40.28571429,282
196,09/02/2022,39.28571429,275
197,10/02/2022,39,273
198,11/02/2022,41.57142857,291
199,12/02/2022,43.57142857,305
200,13/02/2022,43,301
201,14/02/2022,44.14285714,309
202,15/02/2022,43.28571429,303
203,16/02/2022,46.42857143,325
204,17/02/2022,50.28571429,352
205,18/02/2022,47.57142857,333
206,19/02/2022,46.42857143,325
207,20/02/2022,45,315
208,21/02/2022,43.57142857,305
209,22/02/2022,43.57142857,305
210,23/02/2022,42.28571429,296
211,24/02/2022,42.57142857,298
212,25/02/2022,44.14285714,309
213,26/02/2022,45.71428571,320
214,27/02/2022,46.57142857,326
215,28/02/2022,46.85714286,328
216,01/03/2022,49.14285714,344
217,02/03/2022,50,350
218,03/03/2022,48.42857143,339
219,04/03/2022,48,336
220,05/03/2022,47.57142857,333
221,06/03/2022,48,336
222,07/03/2022,47.85714286,335
223,08/03/2022,44.85714286,314
224,09/03/2022,44.42857143,311
225,10/03/2022,45.71428571,320
226,11/03/2022,51,357
227,12/03/2022,52.71428571,369
228,13/03/2022,53.71428571,376
229,14/03/2022,56.42857143,395
230,15/03/2022,62.14285714,435
231,16/03/2022,65.71428571,460
232,17/03/2022,64.14285714,449
233,18/03/2022,60.42857143,423
234,19/03/2022,62,434
235,20/03/2022,65.57142857,459
236,21/03/2022,68.57142857,480
237,22/03/2022,70.57142857,494
238,23/03/2022,73.57142857,515
239,24/03/2022,80.28571429,562
240,25/03/2022,86.85714286,608
241,26/03/2022,90.71428571,635
242,27/03/2022,93.85714286,657
243,28/03/2022,93,651
244,29/03/2022,91.42857143,640
245,30/03/2022,89.28571429,625
246,31/03/2022,89.71428571,628
247,01/04/2022,85.57142857,599
248,02/04/2022,82.57142857,578
249,03/04/2022,76.85714286,538
250,04/04/2022,76.14285714,533
251,05/04/2022,76.71428571,537
252,06/04/2022,74.28571429,520
253,07/04/2022,71.28571429,499
254,08/04/2022,71.57142857,501
255,09/04/2022,69.85714286,489
256,10/04/2022,70.42857143,493
257,11/04/2022,68.14285714,477
258,12/04/2022,64.42857143,451
259,13/04/2022,65.28571429,457
260,14/04/2022,61.57142857,431
261,15/04/2022,57.85714286,405
262,16/04/2022,56.57142857,396
263,17/04/2022,54.71428571,383
264,18/04/2022,52.71428571,369
265,19/04/2022,49.85714286,349
266,20/04/2022,49.14285714,344
267,21/04/2022,48.28571429,338
268,22/04/2022,48.42857143,339
269,23/04/2022,45.28571429,317
270,24/04/2022,41.85714286,293
271,25/04/2022,40.42857143,283
272,26/04/2022,41.71428571,292
273,27/04/2022,37.28571429,261
274,28/04/2022,35.28571429,247
275,29/04/2022,33.85714286,237
276,30/04/2022,33.57142857,235
277,01/05/2022,33.28571429,233
278,02/05/2022,33.42857143,234
279,03/05/2022,31.28571429,219
280,04/05/2022,28.71428571,201
281,05/05/2022,28.42857143,199
282,06/05/2022,25.28571429,177
283,07/05/2022,23.85714286,167
284,08/05/2022,23.71428571,166
285,09/05/2022,23,161
286,10/05/2022,22,154
287,11/05/2022,22.28571429,156
288,12/05/2022,20.14285714,141
289,13/05/2022,21.42857143,150
290,14/05/2022,22.14285714,155
291,15/05/2022,22.28571429,156
292,16/05/2022,21.57142857,151
293,17/05/2022,22.28571429,156
294,18/05/2022,22.14285714,155
295,19/05/2022,23.28571429,163
296,20/05/2022,23,161
297,21/05/2022,22.28571429,156
298,22/05/2022,22.14285714,155
299,23/05/2022,21.42857143,150
300,24/05/2022,20.71428571,145
301,25/05/2022,20.14285714,141
302,26/05/2022,19.71428571,138
303,27/05/2022,19.57142857,137
304,28/05/2022,19.57142857,137
305,29/05/2022,19.57142857,137
306,30/05/2022,21.28571429,149
307,31/05/2022,21,147
308,01/06/2022,22.85714286,160
309,02/06/2022,23.85714286,167
310,03/06/2022,23.71428571,166
311,04/06/2022,24.28571429,170
312,05/06/2022,24.42857143,171
313,06/06/2022,24,168
314,07/06/2022,23.57142857,165
315,08/06/2022,23.42857143,164
316,09/06/2022,23,161
317,10/06/2022,24.42857143,171
318,11/06/2022,25.28571429,177
319,12/06/2022,26.71428571,187
320,13/06/2022,28.42857143,199
321,14/06/2022,31.71428571,222
322,15/06/2022,33.14285714,232
323,16/06/2022,35.42857143,248
324,17/06/2022,35.57142857,249
325,18/06/2022,36.42857143,255
326,19/06/2022,37.71428571,264
327,20/06/2022,37.85714286,265
328,21/06/2022,41,287
329,22/06/2022,41.71428571,292
330,23/06/2022,41.28571429,289
331,24/06/2022,45.42857143,318
332,25/06/2022,46.57142857,326
333,26/06/2022,50.14285714,351
334,27/06/2022,50.71428571,355
335,28/06/2022,50,350
336,29/06/2022,51.71428571,362
337,30/06/2022,54.57142857,382
338,01/07/2022,55.28571429,387
339,02/07/2022,57.71428571,404
340,03/07/2022,55.71428571,390
341,04/07/2022,57.85714286,405
342,05/07/2022,61.42857143,430
343,06/07/2022,65.42857143,458
344,07/07/2022,68,476
345,08/07/2022,67.28571429,471
346,09/07/2022,68.14285714,477
347,10/07/2022,70,490
348,11/07/2022,70.14285714,491
349,12/07/2022,67.42857143,472
350,13/07/2022,66.71428571,467
351,14/07/2022,66.57142857,466
352,15/07/2022,65.57142857,459
353,16/07/2022,63.14285714,442
354,17/07/2022,60.28571429,422
355,18/07/2022,59.57142857,417
356,19/07/2022,58.85714286,412
357,20/07/2022,54.57142857,382
358,21/07/2022,50,350
359,22/07/2022,49.42857143,346
360,23/07/2022,49.42857143,346
361,24/07/2022,48.85714286,342
362,25/07/2022,49,343
363,26/07/2022,46.14285714,323
364,27/07/2022,44.28571429,310
365,28/07/2022,43.28571429,303
366,29/07/2022,38.28571429,268
367,30/07/2022,35,245
368,31/07/2022,33.57142857,235
369,01/08/2022,28.57142857,200
370,02/08/2022,27,189
371,03/08/2022,26.42857143,185
372,04/08/2022,25.85714286,181
373,05/08/2022,27,189
374,06/08/2022,28,196
375,07/08/2022,28,196
376,08/08/2022,28.28571429,198
377,09/08/2022,28.85714286,202
378,10/08/2022,29.57142857,207
379,11/08/2022,30.71428571,215
380,12/08/2022,31.28571429,219
381,13/08/2022,29.71428571,208
382,14/08/2022,29.14285714,204
383,15/08/2022,31.14285714,218
384,16/08/2022,31,217
385,17/08/2022,28.85714286,202
386,18/08/2022,26,182
387,19/08/2022,25.28571429,177
388,20/08/2022,26,182
389,21/08/2022,23.85714286,167
390,22/08/2022,22.28571429,156
391,23/08/2022,21.71428571,152
392,24/08/2022,22.14285714,155
393,25/08/2022,24.28571429,170
394,26/08/2022,21.71428571,152
395,27/08/2022,20.57142857,144
396,28/08/2022,21.42857143,150
397,29/08/2022,21,147
398,30/08/2022,20.71428571,145
399,31/08/2022,21.57142857,151
400,01/09/2022,19.85714286,139
401,02/09/2022,22.14285714,155
402,03/09/2022,22,154
403,04/09/2022,22,154
404,05/09/2022,23.14285714,162
405,06/09/2022,23.14285714,162
406,07/09/2022,22.57142857,158
407,08/09/2022,23,161
408,09/09/2022,22.85714286,160
409,10/09/2022,22.85714286,160
410,11/09/2022,22.57142857,158
411,12/09/2022,21.28571429,149
412,13/09/2022,20.57142857,144
413,14/09/2022,18.85714286,132
414,15/09/2022,17.85714286,125
415,16/09/2022,17.57142857,123
416,17/09/2022,16.85714286,118
417,18/09/2022,16.71428571,117
418,19/09/2022,16.57142857,116
419,20/09/2022,17.14285714,120
420,21/09/2022,19.42857143,136
421,22/09/2022,19.14285714,134
422,23/09/2022,19.85714286,139
423,24/09/2022,20.57142857,144
424,25/09/2022,21.42857143,150
425,26/09/2022,22,154
426,27/09/2022,23.57142857,165
427,28/09/2022,22.42857143,157
428,29/09/2022,23.14285714,162
429,30/09/2022,22.14285714,155
430,01/10/2022,22.42857143,157
431,02/10/2022,22.85714286,160
432,03/10/2022,24.14285714,169
433,04/10/2022,22.42857143,157
434,05/10/2022,22.85714286,160
435,06/10/2022,23.14285714,162
436,07/10/2022,24.85714286,174
437,08/10/2022,24.85714286,174
438,09/10/2022,25.28571429,177
439,10/10/2022,25.14285714,176
440,11/10/2022,27,189
441,12/10/2022,27.14285714,190
442,13/10/2022,27.85714286,195
443,14/10/2022,27.14285714,190
444,15/10/2022,27.71428571,194
445,16/10/2022,27.57142857,193
446,17/10/2022,28,196
447,18/10/2022,27.71428571,194
448,19/10/2022,28.85714286,202
449,20/10/2022,27.42857143,192
450,21/10/2022,27,189
451,22/10/2022,27.42857143,192
452,23/10/2022,26.14285714,183
453,24/10/2022,25.28571429,177
454,25/10/2022,25,175
455,26/10/2022,23.71428571,166
456,27/10/2022,24.42857143,171
457,28/10/2022,24.57142857,172
458,29/10/2022,23.42857143,164
459,30/10/2022,24,168
460,31/10/2022,22.85714286,160
461,01/11/2022,23,161
462,02/11/2022,22.57142857,158
463,03/11/2022,21.28571429,149
464,04/11/2022,20.57142857,144
465,05/11/2022,20.28571429,142
466,06/11/2022,20.85714286,146
467,07/11/2022,22.28571429,156
468,08/11/2022,21.85714286,153
469,09/11/2022,21.85714286,153
470,10/11/2022,23.28571429,163
471,11/11/2022,23.85714286,167
472,12/11/2022,24.14285714,169
473,13/11/2022,23.28571429,163
474,14/11/2022,23.14285714,162
475,15/11/2022,21.71428571,152
476,16/11/2022,22.28571429,156
477,17/11/2022,20.71428571,145
478,18/11/2022,20.42857143,143
479,19/11/2022,20.57142857,144
480,20/11/2022,21.14285714,148
481,21/11/2022,19.14285714,134
482,22/11/2022,20.71428571,145
483,23/11/2022,19.85714286,139
484,24/11/2022,21.28571429,149
485,25/11/2022,22.42857143,157
486,26/11/2022,22.57142857,158
487,27/11/2022,22.42857143,157
488,28/11/2022,22.85714286,160
489,29/11/2022,22.85714286,160
490,30/11/2022,22.85714286,160
491,01/12/2022,23.14285714,162
492,02/12/2022,22.14285714,155
493,03/12/2022,21.57142857,151
494,04/12/2022,20.28571429,142
495,05/12/2022,20.28571429,142
496,06/12/2022,20.14285714,141
497,07/12/2022,21.57142857,151
498,08/12/2022,21.14285714,148
499,09/12/2022,21.14285714,148
500,10/12/2022,22,154
501,11/12/2022,25,175
502,12/12/2022,27,189
503,13/12/2022,28.14285714,197
504,14/12/2022,29,203
505,15/12/2022,30.57142857,214
506,16/12/2022,31.85714286,223
507,17/12/2022,34.28571429,240
508,18/12/2022,35,245
509,19/12/2022,34.71428571,243
510,20/12/2022,36.57142857,256
511,21/12/2022,38.14285714,267
512,22/12/2022,39.71428571,278
513,23/12/2022,43,301
514,24/12/2022,42.14285714,295
515,25/12/2022,41.71428571,292
516,26/12/2022,43,301
517,27/12/2022,43.28571429,303
518,28/12/2022,43.71428571,306
519,29/12/2022,44,308
520,30/12/2022,43,301
521,31/12/2022,41.85714286,293
522,01/01/2023,41.14285714,288
523,02/01/2023,41.28571429,289
524,03/01/2023,42,294
525,04/01/2023,43.14285714,302
526,05/01/2023,43,301
527,06/01/2023,42.42857143,297
528,07/01/2023,43.42857143,304
529,08/01/2023,43.14285714,302
530,09/01/2023,43.14285714,302
531,10/01/2023,39.14285714,274
532,11/01/2023,34.85714286,244
533,12/01/2023,33.42857143,234
534,13/01/2023,30.57142857,214
535,14/01/2023,29.14285714,204
536,15/01/2023,27.42857143,192
537,16/01/2023,25.14285714,176
538,17/01/2023,23.71428571,166
539,18/01/2023,22.28571429,156
540,19/01/2023,19.71428571,138
541,20/01/2023,18,126
542,21/01/2023,16.57142857,116
543,22/01/2023,16.28571429,114
544,23/01/2023,16.71428571,117
545,24/01/2023,16.71428571,117
546,25/01/2023,17.14285714,120
547,26/01/2023,16.85714286,118
548,27/01/2023,16.85714286,118
549,28/01/2023,15.28571429,107
550,29/01/2023,14.57142857,102
551,30/01/2023,14,98
552,31/01/2023,13.85714286,97
553,01/02/2023,12.85714286,90
554,02/02/2023,12.57142857,88
555,03/02/2023,12.42857143,87
556,04/02/2023,13.57142857,95
557,05/02/2023,14.42857143,101
558,06/02/2023,13.14285714,92
559,07/02/2023,12.57142857,88
560,08/02/2023,13.85714286,97
561,09/02/2023,13.57142857,95
562,10/02/2023,13.71428571,96
563,11/02/2023,13,91
564,12/02/2023,12.14285714,85
565,13/02/2023,11.85714286,83
566,14/02/2023,11.42857143,80
567,15/02/2023,9.428571429,66
568,16/02/2023,9,63
569,17/02/2023,10,70
570,18/02/2023,11,77
571,19/02/2023,10.85714286,76
572,20/02/2023,12,84
573,21/02/2023,12.71428571,89
574,22/02/2023,13.42857143,94
575,23/02/2023,13.57142857,95
576,24/02/2023,12.28571429,86
577,25/02/2023,11.28571429,79
578,26/02/2023,10.71428571,75
579,27/02/2023,10.28571429,72
580,28/02/2023,9.571428571,67
581,01/03/2023,8.857142857,62
582,02/03/2023,8.714285714,61
583,03/03/2023,8.857142857,62
584,04/03/2023,10.28571429,72
585,05/03/2023,11.85714286,83
586,06/03/2023,11,77
587,07/03/2023,11.14285714,78
588,08/03/2023,11,77
589,09/03/2023,12.85714286,90
590,10/03/2023,13.71428571,96
591,11/03/2023,13.14285714,92
592,12/03/2023,13.14285714,92
593,13/03/2023,14.28571429,100
594,14/03/2023,15.57142857,109
595,15/03/2023,16.85714286,118
596,16/03/2023,15.71428571,110
597,17/03/2023,16.42857143,115
598,18/03/2023,16.85714286,118
599,19/03/2023,17.14285714,120
600,20/03/2023,16.57142857,116
601,21/03/2023,16.85714286,118
602,22/03/2023,16.85714286,118
603,23/03/2023,17.14285714,120
604,24/03/2023,15.85714286,111
605,25/03/2023,14.71428571,103
606,26/03/2023,14.42857143,101
607,27/03/2023,15,105
608,28/03/2023,14.14285714,99
609,29/03/2023,14,98
610,30/03/2023,14.14285714,99
611,31/03/2023,15.85714286,111
612,01/04/2023,18,126
613,02/04/2023,18.57142857,130
614,03/04/2023,18,126
615,04/04/2023,19.28571429,135
616,05/04/2023,18.85714286,132
617,06/04/2023,20,140
618,07/04/2023,18.57142857,130
619,08/04/2023,18.28571429,128
620,09/04/2023,16.71428571,117
621,10/04/2023,17,119
622,11/04/2023,15.42857143,108
623,12/04/2023,17.14285714,120
624,13/04/2023,16.14285714,113
625,14/04/2023,15.85714286,111
626,15/04/2023,14.71428571,103
627,16/04/2023,17.57142857,123
628,17/04/2023,18,126
629,18/04/2023,17.71428571,124
630,19/04/2023,15.42857143,108
631,20/04/2023,14.71428571,103
632,21/04/2023,14.71428571,103
633,22/04/2023,15,105
634,23/04/2023,13.14285714,92
635,24/04/2023,13.42857143,94
636,25/04/2023,14,98
637,26/04/2023,13.85714286,97
638,27/04/2023,14.57142857,102
639,28/04/2023,15.42857143,108
640,29/04/2023,17,119
641,30/04/2023,17.71428571,124
642,01/05/2023,16.85714286,118
643,02/05/2023,17.14285714,120
644,03/05/2023,18.71428571,131
645,04/05/2023,18.57142857,130
646,05/05/2023,18,126
647,06/05/2023,18,126
648,07/05/2023,17.14285714,120
649,08/05/2023,16.14285714,113
650,09/05/2023,17.14285714,120
651,10/05/2023,17.42857143,122
652,11/05/2023,18,126
653,12/05/2023,18.42857143,129
654,13/05/2023,16.71428571,117
655,14/05/2023,17.42857143,122
656,15/05/2023,18.85714286,132
657,16/05/2023,18.42857143,129
658,17/05/2023,18.57142857,130
659,18/05/2023,17.42857143,122
660,19/05/2023,17.85714286,125
661,20/05/2023,17.57142857,123
662,21/05/2023,16.71428571,117
663,22/05/2023,17.42857143,122
664,23/05/2023,16.28571429,114
665,24/05/2023,16.28571429,114
666,25/05/2023,16,112
667,26/05/2023,16,112
668,27/05/2023,16.14285714,113
669,28/05/2023,16.85714286,118
670,29/05/2023,15.42857143,108
671,31/05/2023,15.14285714,106
672,01/06/2023,13.85714286,97
673,02/06/2023,14.28571429,100
674,03/06/2023,13,91
675,04/06/2023,12.85714286,90
676,05/06/2023,12.71428571,89
677,06/06/2023,13.14285714,92
678,07/06/2023,13.14285714,92
679,08/06/2023,13.42857143,94
680,09/06/2023,12.42857143,87
681,10/06/2023,11.71428571,82
682,11/06/2023,12,84
683,12/06/2023,10.71428571,75
684,13/06/2023,10.42857143,73
685,14/06/2023,10.28571429,72
686,15/06/2023,8.571428571,60
687,16/06/2023,9.142857143,64
688,17/06/2023,9.142857143,64
689,18/06/2023,7.857142857,55
690,19/06/2023,6.857142857,48
691,20/06/2023,5.857142857,41
692,21/06/2023,5.285714286,37
693,22/06/2023,5.714285714,40
694,23/06/2023,5.142857143,36
695,24/06/2023,5.285714286,37
696,25/06/2023,5,35
697,26/06/2023,5.571428571,39
698,27/06/2023,5.714285714,40
699,28/06/2023,5.142857143,36
700,29/06/2023,5,35
701,30/06/2023,4.714285714,33
702,01/07/2023,4.285714286,30
703,02/07/2023,5,35
704,03/07/2023,17,119
705,04/07/2023,11.71428571,82
706,05/07/2023,5,35
707,06/07/2023,5.285714286,37
708,07/07/2023,5.714285714,40
709,08/07/2023,5.857142857,41
710,09/07/2023,5.428571429,38
711,10/07/2023,5.571428571,39
712,11/07/2023,5.142857143,36
713,12/07/2023,4.857142857,34
714,13/07/2023,4.714285714,33
715,14/07/2023,5.142857143,36
716,15/07/2023,5,35
717,16/07/2023,5.857142857,41
718,17/07/2023,8,56
719,18/07/2023,7,49
720,19/07/2023,9.428571429,66
721,20/07/2023,23.85714286,167
722,21/07/2023,20.28571429,142
723,22/07/2023,18.42857143,129
724,23/07/2023,17.28571429,121
725,24/07/2023,14.28571429,100
726,25/07/2023,13.57142857,95
727,26/07/2023,13.28571429,93
728,27/07/2023,15.42857143,108
729,28/07/2023,16,112
730,29/07/2023,17.42857143,122
731,30/07/2023,16.85714286,118
732,31/07/2023,10.57142857,74
733,01/08/2023,14.42857143,101
734,02/08/2023,17.28571429,121
735,03/08/2023,19,133
736,04/08/2023,19.71428571,138
737,05/08/2023,20.28571429,142
738,06/08/2023,20.28571429,142
739,07/08/2023,21.57142857,151
740,08/08/2023,19,133
741,09/08/2023,17.71428571,124
742,10/08/2023,18.71428571,131
743,11/08/2023,21.14285714,148
744,12/08/2023,22.42857143,157
745,13/08/2023,24.57142857,172
746,14/08/2023,25.14285714,176
747,15/08/2023,26,182
748,16/08/2023,26.57142857,186
749,17/08/2023,20.85714286,146
750,18/08/2023,22.57142857,158
751,19/08/2023,24.14285714,169
752,20/08/2023,26.42857143,185
753,21/08/2023,28.28571429,198
754,22/08/2023,28.85714286,202
755,23/08/2023,29.85714286,209
756,24/08/2023,28.42857143,199
757,25/08/2023,27.28571429,191
758,26/08/2023,26.57142857,186
759,27/08/2023,25,175
760,28/08/2023,25,175
761,29/08/2023,25,175
762,30/08/2023,25.14285714,176
763,31/08/2023,25.71428571,180
764,01/09/2023,25.85714286,181
765,02/09/2023,25.85714286,181
766,03/09/2023,23.57142857,165
767,04/09/2023,23.57142857,165
768,05/09/2023,22.42857143,157
769,06/09/2023,22.28571429,156
770,07/09/2023,21.71428571,152
771,08/09/2023,21.71428571,152
772,09/09/2023,21.71428571,152
773,10/09/2023,22.71428571,159
774,11/09/2023,20.85714286,146
775,12/09/2023,20.71428571,145
776,13/09/2023,19.85714286,139
777,14/09/2023,18.71428571,131
778,15/09/2023,17.42857143,122
779,16/09/2023,16.28571429,114
780,17/09/2023,16.42857143,115
781,18/09/2023,16.71428571,117
782,19/09/2023,17.14285714,120
783,20/09/2023,17.71428571,124
784,21/09/2023,18,126
785,22/09/2023,20.28571429,142
786,23/09/2023,20.28571429,142
787,24/09/2023,19.85714286,139
788,25/09/2023,20,140
789,26/09/2023,20.85714286,146
790,27/09/2023,20.57142857,144
791,28/09/2023,22.85714286,160
792,29/09/2023,20.85714286,146
793,30/09/2023,20.71428571,145
794,01/10/2023,20.85714286,146
795,02/10/2023,21.42857143,150
796,03/10/2023,20.71428571,145
797,04/10/2023,21.71428571,152
798,05/10/2023,20.14285714,141
799,06/10/2023,21.28571429,149
800,07/10/2023,21.85714286,153
801,08/10/2023,20.85714286,146
802,09/10/2023,19.85714286,139
803,10/10/2023,20.14285714,141
804,11/10/2023,20.14285714,141
805,12/10/2023,19.85714286,139
806,13/10/2023,18.14285714,127
807,14/10/2023,18.57142857,130
808,15/10/2023,20.14285714,141
809,16/10/2023,20.85714286,146
810,17/10/2023,20,140
811,18/10/2023,19.28571429,135
812,19/10/2023,19.28571429,135
813,20/10/2023,19.85714286,139
814,21/10/2023,15.57142857,109
815,22/10/2023,14.57142857,102
816,23/10/2023,14,98
817,24/10/2023,12.57142857,88
818,25/10/2023,12.28571429,86
819,26/10/2023,12.71428571,89
820,27/10/2023,14.42857143,101
821,28/10/2023,14.57142857,102
822,29/10/2023,15.42857143,108
823,30/10/2023,15.42857143,108
824,31/10/2023,15.42857143,108
825,01/11/2023,14,98
826,02/11/2023,11,77
827,03/11/2023,11.14285714,78
828,04/11/2023,10.42857143,73
829,05/11/2023,10.28571429,72
830,06/11/2023,10.14285714,71
831,07/11/2023,11.28571429,79
832,08/11/2023,12.71428571,89
833,09/11/2023,12.85714286,90
834,10/11/2023,12.28571429,86
835,11/11/2023,12.57142857,88
836,12/11/2023,12.42857143,87
837,13/11/2023,12.85714286,90
838,14/11/2023,13,91
839,15/11/2023,12.42857143,87
840,16/11/2023,12.42857143,87
841,17/11/2023,12.14285714,85
842,18/11/2023,11.42857143,80
843,19/11/2023,11.28571429,79
844,20/11/2023,11.28571429,79
845,21/11/2023,10.71428571,75
846,22/11/2023,10.85714286,76
847,23/11/2023,10.57142857,74
848,24/11/2023,11.57142857,81
849,25/11/2023,12.71428571,89
850,26/11/2023,12,84
851,27/11/2023,13.28571429,93
852,28/11/2023,14.57142857,102
853,29/11/2023,15.14285714,106
854,30/11/2023,15.85714286,111
855,01/12/2023,15.42857143,108
856,02/12/2023,13.85714286,97
857,03/12/2023,15,105
858,04/12/2023,14.14285714,99
859,05/12/2023,12.14285714,85
860,06/12/2023,11.71428571,82
861,07/12/2023,13,91
862,08/12/2023,14.28571429,100
863,09/12/2023,16.14285714,113
864,10/12/2023,16.71428571,117
865,11/12/2023,17.42857143,122
866,12/12/2023,17.85714286,125
867,13/12/2023,17.71428571,124
868,14/12/2023,16,112
869,15/12/2023,15.14285714,106
870,16/12/2023,13.28571429,93
871,17/12/2023,13.57142857,95
872,18/12/2023,13.14285714,92
873,19/12/2023,15.28571429,107
874,20/12/2023,17.71428571,124
875,21/12/2023,19.57142857,137
876,22/12/2023,20.71428571,145
877,23/12/2023,21.42857143,150
878,24/12/2023,21.71428571,152
879,25/12/2023,21.57142857,151
880,26/12/2023,21.28571429,149
881,27/12/2023,19,133
882,28/12/2023,19.85714286,139
883,29/12/2023,20.57142857,144
884,30/12/2023,22.14285714,155
885,31/12/2023,21.42857143,150
886,01/01/2024,23.71428571,166
887,02/01/2024,23.85714286,167
888,03/01/2024,26.42857143,185
889,04/01/2024,26.85714286,188
890,05/01/2024,26,182
891,06/01/2024,26.42857143,185
892,07/01/2024,29.57142857,207
893,08/01/2024,28.28571429,198
894,09/01/2024,26.85714286,188
895,10/01/2024,26.14285714,183
896,11/01/2024,25,175
897,12/01/2024,24.28571429,170
898,13/01/2024,23.71428571,166
899,14/01/2024,21,147
900,15/01/2024,20.42857143,143
901,16/01/2024,22,154
902,17/01/2024,21.14285714,148
903,18/01/2024,22.57142857,158
904,19/01/2024,23.57142857,165
905,20/01/2024,24,168
906,21/01/2024,24.85714286,174
907,22/01/2024,25.57142857,179
908,23/01/2024,26,182
909,24/01/2024,26.57142857,186
910,25/01/2024,25,175
911,26/01/2024,24.14285714,169
912,27/01/2024,21.85714286,153
913,28/01/2024,20.71428571,145
914,29/01/2024,20.14285714,141
915,30/01/2024,18.14285714,127
916,31/01/2024,16.57142857,116
917,01/02/2024,14.85714286,104
918,02/02/2024,15,105
919,03/02/2024,15.85714286,111
920,04/02/2024,16.14285714,113
921,05/02/2024,15.28571429,107
922,06/02/2024,14.14285714,99
923,07/02/2024,13.71428571,96
924,08/02/2024,13,91
925,09/02/2024,11.85714286,83
926,10/02/2024,11.42857143,80
927,11/02/2024,10.71428571,75
928,12/02/2024,10.57142857,74
929,13/02/2024,10.57142857,74
930,14/02/2024,10.85714286,76
931,15/02/2024,12.14285714,85
932,16/02/2024,12.57142857,88
933,17/02/2024,12.28571429,86
934,18/02/2024,11.28571429,79
935,19/02/2024,10.71428571,75
936,20/02/2024,10.71428571,75
937,21/02/2024,10.57142857,74
938,22/02/2024,9.428571429,66
939,23/02/2024,9,63
940,24/02/2024,8.571428571,60
941,25/02/2024,8.714285714,61
942,26/02/2024,7.714285714,54
943,27/02/2024,7.714285714,54
944,28/02/2024,8.142857143,57
945,29/02/2024,8.285714286,58
946,01/03/2024,7.714285714,54
947,02/03/2024,7.571428571,53
948,03/03/2024,7.428571429,52
949,04/03/2024,7,49
950,05/03/2024,6.714285714,47
951,06/03/2024,6,42
952,07/03/2024,5.285714286,37
953,08/03/2024,6.142857143,43
954,09/03/2024,5.428571429,38
955,10/03/2024,4.857142857,34
956,11/03/2024,5.142857143,36
957,12/03/2024,4.571428571,32
958,13/03/2024,4.571428571,32
959,14/03/2024,4.857142857,34
960,15/03/2024,3.857142857,27
961,16/03/2024,5.285714286,37
962,17/03/2024,5.857142857,41
963,18/03/2024,5.571428571,39
964,19/03/2024,5.571428571,39
965,20/03/2024,5.285714286,37
966,21/03/2024,5.142857143,36
967,22/03/2024,5.285714286,37
968,23/03/2024,4.428571429,31
969,24/03/2024,4.285714286,30
970,25/03/2024,4.857142857,34
971,26/03/2024,5,35
972,27/03/2024,5.285714286,37
973,28/03/2024,5.285714286,37
974,29/03/2024,4.714285714,33
975,30/03/2024,4.285714286,30
976,31/03/2024,3.714285714,26
977,01/04/2024,3.285714286,23
978,02/04/2024,4,28
979,03/04/2024,3.714285714,26
980,04/04/2024,3.857142857,27
981,05/04/2024,4,28
982,06/04/2024,4.142857143,29
983,07/04/2024,4.571428571,32
984,08/04/2024,4.857142857,34
985,09/04/2024,4.285714286,30
986,10/04/2024,4.142857143,29
987,11/04/2024,4.285714286,30
988,12/04/2024,4.714285714,33
989,13/04/2024,4.857142857,34
990,14/04/2024,4.571428571,32
991,15/04/2024,5.142857143,36
992,16/04/2024,5.571428571,39
993,17/04/2024,5.714285714,40
994,18/04/2024,5.571428571,39
995,19/04/2024,5.571428571,39
996,20/04/2024,5.857142857,41
997,21/04/2024,6.714285714,47
998,22/04/2024,6.142857143,43
999,23/04/2024,5.571428571,39
1000,24/04/2024,6.142857143,43
1001,25/04/2024,6,42
1002,26/04/2024,5.571428571,39
1003,27/04/2024,5.142857143,36
1004,28/04/2024,4.571428571,32
1005,29/04/2024,4.714285714,33
1006,30/04/2024,5,35
1007,01/05/2024,4.857142857,34
1008,02/05/2024,5.714285714,40
1009,03/05/2024,7,49
1010,04/05/2024,7,49
1011,05/05/2024,6.857142857,48
1012,06/05/2024,7,49
1013,07/05/2024,7.857142857,55
1014,08/05/2024,7.714285714,54
1015,09/05/2024,7.714285714,54
1016,10/05/2024,7.857142857,55
1017,11/05/2024,9.857142857,69
1018,12/05/2024,9.714285714,68
1019,13/05/2024,10.28571429,72
1020,14/05/2024,10.14285714,71
1021,15/05/2024,10.85714286,76
1022,16/05/2024,10.71428571,75
1023,17/05/2024,10.14285714,71
1024,18/05/2024,8.714285714,61
1025,19/05/2024,9,63
1026,20/05/2024,8.857142857,62
1027,21/05/2024,8.714285714,61
1028,22/05/2024,8.428571429,59
1029,23/05/2024,8.714285714,61
1030,24/05/2024,9.285714286,65
1031,25/05/2024,9.714285714,68
1032,26/05/2024,10.71428571,75
1033,27/05/2024,11.71428571,82
1034,28/05/2024,11.28571429,79
1035,29/05/2024,11.14285714,78
1036,30/05/2024,11,77
1037,31/05/2024,10.85714286,76
1038,01/06/2024,11.14285714,78
1039,02/06/2024,11.57142857,81
1040,03/06/2024,11,77
1041,04/06/2024,11.42857143,80
1042,05/06/2024,11.14285714,78
1043,06/06/2024,11.71428571,82
1044,07/06/2024,12.57142857,88
1045,08/06/2024,12.85714286,90
1046,09/06/2024,13.14285714,92
1047,10/06/2024,13.57142857,95
1048,11/06/2024,13.85714286,97
1049,12/06/2024,15.71428571,110
1050,13/06/2024,17.28571429,121
1051,14/06/2024,19,133
1052,15/06/2024,21.57142857,151
1053,16/06/2024,22.71428571,159
1054,17/06/2024,23.57142857,165
1055,18/06/2024,27.28571429,191
1056,19/06/2024,30.42857143,213
1057,20/06/2024,31.42857143,220
1058,21/06/2024,32,224
1059,22/06/2024,30.85714286,216
1060,23/06/2024,30.57142857,214
1061,24/06/2024,31.28571429,219
1062,25/06/2024,30.71428571,215
1063,26/06/2024,28.42857143,199
1064,27/06/2024,28.42857143,199
1065,28/06/2024,26.71428571,187
1066,29/06/2024,26.42857143,185
1067,30/06/2024,26.57142857,186
1068,01/07/2024,26.14285714,183
1069,02/07/2024,26.14285714,183
1070,03/07/2024,27.42857143,192
1071,04/07/2024,26.57142857,186
1072,05/07/2024,26.85714286,188
1073,06/07/2024,27.57142857,193
1074,07/07/2024,28.71428571,201
1075,08/07/2024,29.71428571,208
1076,09/07/2024,29.28571429,205
1077,10/07/2024,30.57142857,214
1078,11/07/2024,29.85714286,209
1079,12/07/2024,31.42857143,220
1080,13/07/2024,31.71428571,222
1081,14/07/2024,30.28571429,212
1082,15/07/2024,30.28571429,212
1083,16/07/2024,31.14285714,218
1084,17/07/2024,29.42857143,206
1085,18/07/2024,30.28571429,212
1086,19/07/2024,29.57142857,207
1087,20/07/2024,28.57142857,200
1088,21/07/2024,29.71428571,208
1089,22/07/2024,29,203
1090,23/07/2024,27.42857143,192
1091,24/07/2024,26.71428571,187
1092,25/07/2024,26.28571429,184
1093,26/07/2024,25.14285714,176
1094,27/07/2024,26.42857143,185
1095,28/07/2024,27.57142857,193
1096,29/07/2024,28,196
1097,30/07/2024,29,203
1098,31/07/2024,29.85714286,209
1099,01/08/2024,29,203
1100,02/08/2024,29,203
1101,03/08/2024,27.28571429,191
1102,04/08/2024,23.85714286,167
1103,05/08/2024,24.42857143,171
1104,06/08/2024,20.85714286,146
1105,07/08/2024,18.85714286,132
1106,08/08/2024,18.85714286,132
1107,09/08/2024,19.14285714,134
1108,10/08/2024,17.71428571,124
1109,11/08/2024,19.28571429,135
1110,12/08/2024,17,119
1111,13/08/2024,19.14285714,134
1112,14/08/2024,19.42857143,136
1113,15/08/2024,18.14285714,127
1114,16/08/2024,16.42857143,115
1115,17/08/2024,17,119
1116,18/08/2024,15.57142857,109
1117,19/08/2024,14.57142857,102
1118,20/08/2024,14.57142857,102
1119,21/08/2024,14.28571429,100
1120,22/08/2024,15,105
1121,23/08/2024,15,105
1122,24/08/2024,15.42857143,108
1123,25/08/2024,15.71428571,110
1124,26/08/2024,15.85714286,111
1125,27/08/2024,15.57142857,109
1126,28/08/2024,15,105
1127,29/08/2024,16.71428571,117
1128,30/08/2024,17.57142857,123
1129,31/08/2024,17.14285714,120
1130,01/09/2024,16.85714286,118
1131,02/09/2024,18,126
1132,03/09/2024,18.71428571,131
1133,04/09/2024,20,140
1134,05/09/2024,18.14285714,127
1135,06/09/2024,17.57142857,123
1136,07/09/2024,17.71428571,124
1137,08/09/2024,17,119
1138,09/09/2024,16.28571429,114
1139,10/09/2024,14.57142857,102
1140,11/09/2024,12.71428571,89
1141,12/09/2024,12,84
1142,13/09/2024,13.14285714,92
1143,13/09/2024,21,147
1144,14/09/2024,21.71428571,152
1145,15/09/2024,22.14285714,155
1146,16/09/2024,23.14285714,162
1147,17/09/2024,24.71428571,173
1148,18/09/2024,25.85714286,181
1149,19/09/2024,25,175
1150,20/09/2024,18.28571429,128
1151,21/09/2024,19,133
1152,22/09/2024,19.71428571,138
1153,23/09/2024,18.57142857,130
1154,24/09/2024,17.57142857,123
1155,25/09/2024,17.42857143,122
1156,26/09/2024,17.14285714,120
1157,27/09/2024,16.28571429,114
1158,28/09/2024,15.28571429,107
1159,29/09/2024,15.71428571,110
1160,30/09/2024,16.42857143,115
1161,01/10/2024,16.28571429,114
1162,02/10/2024,16.14285714,113
1163,03/10/2024,16.42857143,115
1164,04/10/2024,15.57142857,109
1165,05/10/2024,15.14285714,106
1166,06/10/2024,13.28571429,93
1167,07/10/2024,12.42857143,87
1168,08/10/2024,12,84
1169,09/10/2024,12,84
1170,10/10/2024,11,77
1171,11/10/2024,10.42857143,73
1172,12/10/2024,9.857142857,69
1173,13/10/2024,9.571428571,67
1174,14/10/2024,9.571428571,67
1175,15/10/2024,9.571428571,67
1176,16/10/2024,9.714285714,68
1177,17/10/2024,10,70
1178,18/10/2024,10.71428571,75
1179,19/10/2024,10.85714286,76
1180,20/10/2024,10.71428571,75
1181,21/10/2024,10.28571429,72
1182,22/10/2024,10,70
1183,23/10/2024,8,56
1184,24/10/2024,7.714285714,54
1185,25/10/2024,8.285714286,58
1186,26/10/2024,8.428571429,59
1187,27/10/2024,8.714285714,61
1188,28/10/2024,8.571428571,60
1189,29/10/2024,8.571428571,60
1190,30/10/2024,9.142857143,64
1191,31/10/2024,8.857142857,62
1192,01/11/2024,7.428571429,52
1193,02/11/2024,7.428571429,52
1194,03/11/2024,6.714285714,47
1195,04/11/2024,6.428571429,45
1196,05/11/2024,6.428571429,45
1197,06/11/2024,6.857142857,48
1198,07/11/2024,6.428571429,45
1199,08/11/2024,6.285714286,44
1200,09/11/2024,6.142857143,43
1201,10/11/2024,6.714285714,47
1202,11/11/2024,7,49
1203,12/11/2024,6.571428571,46
1204,13/11/2024,6.857142857,48
1205,14/11/2024,7.142857143,50
1206,15/11/2024,6.857142857,48
1207,16/11/2024,6.428571429,45
1208,17/11/2024,6.142857143,43
1209,18/11/2024,5.571428571,39
1210,19/11/2024,5.714285714,40
1211,20/11/2024,4.714285714,33
1212,21/11/2024,4.571428571,32
1213,22/11/2024,6,42
1214,23/11/2024,5.428571429,38
1215,24/11/2024,5.142857143,36
1216,25/11/2024,5.714285714,40
1217,26/11/2024,5.142857143,36
1218,27/11/2024,5.285714286,37
1219,28/11/2024,5.285714286,37
1220,29/11/2024,3.857142857,27
1221,30/11/2024,4.714285714,33
1222,01/12/2024,5,35
1223,02/12/2024,5.142857143,36
1224,03/12/2024,4.857142857,34
1225,04/12/2024,5.142857143,36
1226,05/12/2024,4.714285714,33
1227,06/12/2024,5.285714286,37
1228,07/12/2024,5.142857143,36
1229,08/12/2024,4.571428571,32
1230,09/12/2024,4.571428571,32
1231,10/12/2024,5.857142857,41
1232,11/12/2024,5.571428571,39
1233,12/12/2024,5.714285714,40
1234,13/12/2024,5.857142857,41
1235,14/12/2024,5.714285714,40
1236,15/12/2024,6,42
1237,16/12/2024,5,35
1238,17/12/2024,4.142857143,29
1239,18/12/2024,4.285714286,30
1240,19/12/2024,4.857142857,34
1241,20/12/2024,4.857142857,34
1242,21/12/2024,5.142857143,36
1243,22/12/2024,5.285714286,37
1244,23/12/2024,5.714285714,40
1245,24/12/2024,5.714285714,40
1246,25/12/2024,5.285714286,37
1247,26/12/2024,4.428571429,31
1248,27/12/2024,3.714285714,26
1249,28/12/2024,3.857142857,27
1250,29/12/2024,4,28
1251,30/12/2024,4.571428571,32
1252,31/12/2024,4.857142857,34
1253,01/01/2025,5.142857143,36
1254,02/01/2025,5.857142857,41
1255,03/01/2025,6.142857143,43
1256,04/01/2025,5.857142857,41
1257,05/01/2025,5.285714286,37
1258,06/01/2025,5,35
1259,07/01/2025,4.714285714,33
1260,08/01/2025,4.285714286,30
1261,09/01/2025,4,28
1262,10/01/2025,4.142857143,29
1263,11/01/2025,3.571428571,25
1264,12/01/2025,3.714285714,26
1265,13/01/2025,3.142857143,22
1266,14/01/2025,2.714285714,19
1267,15/01/2025,3,21
1268,16/01/2025,2.428571429,17
1269,17/01/2025,2.142857143,15
1270,18/01/2025,2.285714286,16
1271,19/01/2025,2.428571429,17
1272,20/01/2025,2.285714286,16
1273,21/01/2025,2.428571429,17
1274,22/01/2025,2.285714286,16
1275,23/01/2025,2.714285714,19
1276,24/01/2025,2.428571429,17
1277,25/01/2025,2.142857143,15
1278,26/01/2025,2,14
1279,27/01/2025,2.428571429,17
1280,28/01/2025,2.714285714,19
1281,29/01/2025,2.714285714,19
1282,30/01/2025,2.285714286,16
1283,31/01/2025,2.714285714,19
1284,01/02/2025,3.285714286,23
1285,02/02/2025,2.857142857,20
1286,03/02/2025,2.571428571,18
1287,04/02/2025,2.142857143,15
1288,05/02/2025,2.285714286,16
1289,06/02/2025,2.428571429,17
1290,07/02/2025,2.285714286,16
1291,08/02/2025,1.857142857,13
1292,09/02/2025,2.142857143,15
1293,10/02/2025,2,14
1294,11/02/2025,1.857142857,13
1295,12/02/2025,2,14
1296,13/02/2025,2,14
1297,14/02/2025,1.714285714,12
1298,15/02/2025,2.285714286,16
1299,16/02/2025,2.285714286,16
1300,17/02/2025,2.142857143,15
1301,18/02/2025,2.285714286,16
1302,19/02/2025,2.285714286,16
1303,20/02/2025,2.285714286,16
1304,21/02/2025,2.285714286,16
1305,22/02/2025,1.714285714,12
1306,23/02/2025,1.857142857,13
1307,24/02/2025,2.285714286,16
1308,25/02/2025,2.285714286,16
1309,26/02/2025,2.142857143,15
1310,27/02/2025,2.142857143,15
1311,28/02/2025,2.428571429,17
1312,01/03/2025,2.857142857,20
1313,02/03/2025,2.857142857,20
1314,03/03/2025,2.571428571,18
1315,04/03/2025,2.285714286,16
1316,05/03/2025,2,14
1317,06/03/2025,1.857142857,13
1318,07/03/2025,1.571428571,11
1319,08/03/2025,1.142857143,8
1320,09/03/2025,1.142857143,8
1321,10/03/2025,1.714285714,12
1322,11/03/2025,1.857142857,13
1323,12/03/2025,1.857142857,13
1324,13/03/2025,1.857142857,13
1325,14/03/2025,2,14
1326,15/03/2025,1.857142857,13
1327,16/03/2025,1.428571429,10
1328,17/03/2025,1,7
1329,18/03/2025,1,7
1330,19/03/2025,1.571428571,11
1331,20/03/2025,1.857142857,13
1332,21/03/2025,1.857142857,13
1333,22/03/2025,2.142857143,15
1334,23/03/2025,2.714285714,19
1335,24/03/2025,2.714285714,19
1336,25/03/2025,3.285714286,23
